<Ui xmlns="http://www.blizzard.com/wow/ui/">
	<!-- Init -->
	<Script file="core\init.lua"/>

	<!-- Libraries -->
	<Script file="libs\LibStub\LibStub.lua"/>
	<Include file="libs\AceAddon-3.0\AceAddon-3.0.xml"/>
	<Include file="libs\CallbackHandler-1.0\CallbackHandler-1.0.xml"/>
	<Include file="libs\AceGUI-3.0\AceGUI-3.0.xml"/>
	<Include file="libs\AceConfig-3.0\AceConfig-3.0.xml"/>
	<Include file="libs\AceConsole-3.0\AceConsole-3.0.xml"/>
	<Include file="libs\AceHook-3.0\AceHook-3.0.xml"/>
	<Include file="libs\AceEvent-3.0\AceEvent-3.0.xml"/>
	<Include file="libs\AceComm-3.0\AceComm-3.0.xml"/>
	<Include file="libs\AceSerializer-3.0\AceSerializer-3.0.xml"/>

	<!-- Core -->
	<Script file="core\config.lua"/>
	<Script file="core\core.lua"/>
	<Script file="core\bank.lua"/>
</Ui>
